<?xml version="1.0" encoding="utf-8"?>
<extension version="2.5" type="plugin" group="system" method="upgrade">
    <name>System - MVC Override (for Bidorbuy Store Integrator)</name>
    <creationDate>2017-11-28</creationDate>
    <author>Bidorbuy</author>
    <authorUrl>http://bidorbuy.co.za</authorUrl>
    <version>2.0.12</version>
    <description>Provides a component MVC override. Modificated for BidorbuyStoreIntegrator</description>
    <files>
        <filename plugin="mvcoverridebidorbuy">mvcoverridebidorbuy.php</filename>
        <folder>module</folder>
        <folder>overrides</folder>
    </files>
    <config>
        <fields name="params">
            <fieldset name="basic">
                <field name="extendDefault" type="list" default="1" label="Make Extendable"
                       description="Extend core component class. Its better to use OOP to extend components. You will be able to extend your override classes extend a Component[Controller|Model|View][Name]Default">
                    <option value="0">No</option>
                    <option value="1">Yes</option>
                </field>
                <field name="changePrivate" type="list" default="0" label="Change Functions"
                       description="Changes all private methods in the base class to protected methods which allows the subclass to extend the base class better. This is not recommended unless you really need it.">
                    <option value="0">No</option>
                    <option value="1">Yes</option>
                </field>
            </fieldset>
        </fields>
    </config>
</extension>
